GameUID,PitchNo,PitchUID,PlayID,Date,Time,UTCDate,UTCTime,LocalDateTime,UTCDateTime,PitcherTeam,BatterTeam,PitchCall,PlayResult,DetectedShift,1B_PositionAtReleaseX,1B_PositionAtReleaseZ,2B_PositionAtReleaseX,2B_PositionAtReleaseZ,3B_PositionAtReleaseX,3B_PositionAtReleaseZ,SS_PositionAtReleaseX,SS_PositionAtReleaseZ,LF_PositionAtReleaseX,LF_PositionAtReleaseZ,CF_PositionAtReleaseX,CF_PositionAtReleaseZ,RF_PositionAtReleaseX,RF_PositionAtReleaseZ
0ef579da-cb62-420c-a047-8da34862741d,1,325e5640-b321-11ee-88c2-8909f674eceb,1c3cec7b-c0f9-401c-ac75-f0a339cde2b1,2024-01-14,15:09:26.28,2024-01-14,21:09:26.28,2024-01-14T15:09:26.2812506-06:00,2024-01-14T21:09:26.2812506Z,AUB_PRC,AUB_TIG,InPlay,Undefined,NoShift,,,,,,,,,,,,,,
0ef579da-cb62-420c-a047-8da34862741d,2,40459a20-b321-11ee-88c2-8909f674eceb,37c2773a-fc68-467a-929d-a4526b73959a,2024-01-14,15:09:49.59,2024-01-14,21:09:49.59,2024-01-14T15:09:49.5925082-06:00,2024-01-14T21:09:49.5925082Z,AUB_PRC,AUB_TIG,StrikeSwinging,Undefined,NoShift,,,,,,,,,,,,,,
0ef579da-cb62-420c-a047-8da34862741d,3,48c97900-b321-11ee-88c2-8909f674eceb,9e28951e-7bf2-4d07-84cd-f8e15f7ebfbc,2024-01-14,15:10:03.75,2024-01-14,21:10:03.75,2024-01-14T15:10:03.7547866-06:00,2024-01-14T21:10:03.7547866Z,AUB_PRC,AUB_TIG,BallCalled,Undefined,NoShift,,,,,,,,,233.61016,-59.63377,236.47113,-56.33316,,
0ef579da-cb62-420c-a047-8da34862741d,4,51ed1a50-b321-11ee-88c2-8909f674eceb,fdb42907-6cc4-4739-b804-d64cfcdd4800,2024-01-14,15:10:19.18,2024-01-14,21:10:19.18,2024-01-14T15:10:19.1889242-06:00,2024-01-14T21:10:19.1889242Z,AUB_PRC,AUB_TIG,StrikeSwinging,Undefined,NoShift,,,,,,,,,,,,,,
0ef579da-cb62-420c-a047-8da34862741d,5,5cf6e0c0-b321-11ee-88c2-8909f674eceb,27d3a89e-4907-4733-b559-ecf66a38fb82,2024-01-14,15:10:37.73,2024-01-14,21:10:37.73,2024-01-14T15:10:37.7357146-06:00,2024-01-14T21:10:37.7357146Z,AUB_PRC,AUB_TIG,FoulBall,Undefined,NoShift,,,,,,,,,251.51461,-164.59543,,,,
0ef579da-cb62-420c-a047-8da34862741d,6,680d0340-b321-11ee-88c2-8909f674eceb,2ceea2a4-0d89-4bf5-bef8-20bf8cfab0e5,2024-01-14,15:10:56.32,2024-01-14,21:10:56.32,2024-01-14T15:10:56.3228506-06:00,2024-01-14T21:10:56.3228506Z,AUB_PRC,AUB_TIG,InPlay,Undefined,NoShift,,,,,,,,,249.20292,-158.81435,295.52789,-0.93718,,
0ef579da-cb62-420c-a047-8da34862741d,7,788dddc0-b321-11ee-88c2-8909f674eceb,1ead8aa8-434c-4bae-a981-6a061e595dd9,2024-01-14,15:11:23.98,2024-01-14,21:11:23.98,2024-01-14T15:11:23.9877978-06:00,2024-01-14T21:11:23.9877978Z,AUB_PRC,AUB_TIG,StrikeCalled,Undefined,NoShift,,,,,,,,,247.53922,-158.44853,,,,
0ef579da-cb62-420c-a047-8da34862741d,8,8259cd00-b321-11ee-88c2-8909f674eceb,85126f4b-4109-4e34-8634-531bcee4cea1,2024-01-14,15:11:40.49,2024-01-14,21:11:40.49,2024-01-14T15:11:40.4933466-06:00,2024-01-14T21:11:40.4933466Z,AUB_PRC,AUB_TIG,StrikeCalled,Undefined,NoShift,,,,,,,,,247.86976,-158.58781,,,,
0ef579da-cb62-420c-a047-8da34862741d,9,8b1d7400-b321-11ee-88c2-8909f674eceb,588fdcca-cd01-4779-ad3f-bb723838cd43,2024-01-14,15:11:55.20,2024-01-14,21:11:55.20,2024-01-14T15:11:55.2000858-06:00,2024-01-14T21:11:55.2000858Z,AUB_PRC,AUB_TIG,StrikeCalled,Undefined,NoShift,,,,,,,,,247.8332,-158.57266,271.03897,-6.58481,,
0ef579da-cb62-420c-a047-8da34862741d,10,9422def0-b321-11ee-88c2-8909f674eceb,1af7430d-166a-4cb9-aced-90b4975ad5d0,2024-01-14,15:12:10.27,2024-01-14,21:12:10.27,2024-01-14T15:12:10.2745946-06:00,2024-01-14T21:12:10.2745946Z,AUB_PRC,AUB_TIG,StrikeSwinging,Undefined,NoShift,,,,,,,,,247.35319,-158.25793,,,245.03993,155.92272
0ef579da-cb62-420c-a047-8da34862741d,11,a5afd240-b321-11ee-88c2-8909f674eceb,246d6a3a-360a-4e9e-85ee-60da52e63e22,2024-01-14,15:12:39.72,2024-01-14,21:12:39.72,2024-01-14T15:12:39.7253466-06:00,2024-01-14T21:12:39.7253466Z,AUB_PRC,AUB_TIG,BallCalled,Undefined,NoShift,,,,,,,,,246.85493,-155.39873,,,,
0ef579da-cb62-420c-a047-8da34862741d,12,b17bfe50-b321-11ee-88c2-8909f674eceb,db20b2ba-46bf-43c8-8744-3fcd45583ffa,2024-01-14,15:12:59.48,2024-01-14,21:12:59.48,2024-01-14T15:12:59.4880346-06:00,2024-01-14T21:12:59.4880346Z,AUB_PRC,AUB_TIG,BallCalled,Undefined,NoShift,,,,,,,,,246.73124,-155.39533,,,292.03217,85.64298
0ef579da-cb62-420c-a047-8da34862741d,13,bc968da0-b321-11ee-88c2-8909f674eceb,ed3c86e0-e274-44e5-a433-10a9782b122b,2024-01-14,15:13:18.16,2024-01-14,21:13:18.16,2024-01-14T15:13:18.1610330-06:00,2024-01-14T21:13:18.1610330Z,AUB_PRC,AUB_TIG,StrikeCalled,Undefined,NoShift,,,,,,,,,245.18525,-154.65955,304.08946,4.30268,,
0ef579da-cb62-420c-a047-8da34862741d,14,c8f73180-b321-11ee-88c2-8909f674eceb,81fe1223-355f-4325-8701-c654e8007d25,2024-01-14,15:13:38.90,2024-01-14,21:13:38.90,2024-01-14T15:13:38.9004634-06:00,2024-01-14T21:13:38.9004634Z,AUB_PRC,AUB_TIG,BallCalled,Undefined,NoShift,,,,,,,,,245.48885,-152.06272,,,,
0ef579da-cb62-420c-a047-8da34862741d,15,d37fba00-b321-11ee-88c2-8909f674eceb,d7a7b5a7-e3f4-40ab-b9a3-b58c36d4b3b6,2024-01-14,15:13:56.56,2024-01-14,21:13:56.56,2024-01-14T15:13:56.5693274-06:00,2024-01-14T21:13:56.5693274Z,AUB_PRC,AUB_TIG,FoulBall,Undefined,NoShift,,,,,,,,,246.70647,-152.94571,,,,
0ef579da-cb62-420c-a047-8da34862741d,16,59b8b040-b322-11ee-88c2-8909f674eceb,e03ab66c-7e58-4ab9-8337-1c88e49725a6,2024-01-14,15:17:41.75,2024-01-14,21:17:41.75,2024-01-14T15:17:41.7541466-06:00,2024-01-14T21:17:41.7541466Z,AUB_PRC,AUB_TIG,StrikeCalled,Undefined,NoShift,,,,,,,,,,,,,233.54399,66.48716
0ef579da-cb62-420c-a047-8da34862741d,17,6425c180-b322-11ee-88c2-8909f674eceb,b6de5205-7bbc-40f4-a7a2-b3bc833a70cd,2024-01-14,15:17:59.24,2024-01-14,21:17:59.24,2024-01-14T15:17:59.2443738-06:00,2024-01-14T21:17:59.2443738Z,AUB_PRC,AUB_TIG,FoulBall,Undefined,NoShift,,,,,,,,,,,,,251.94644,138.26753
0ef579da-cb62-420c-a047-8da34862741d,18,72d31480-b322-11ee-88c2-8909f674eceb,6ff019ef-995b-4a96-b202-5a6215255d92,2024-01-14,15:18:23.83,2024-01-14,21:18:23.83,2024-01-14T15:18:23.8371162-06:00,2024-01-14T21:18:23.8371162Z,AUB_PRC,AUB_TIG,BallCalled,Undefined,NoShift,,,,,,,,,,,,,,
0ef579da-cb62-420c-a047-8da34862741d,19,7ee32760-b322-11ee-88c2-8909f674eceb,c61b3989-a697-4e9c-afa1-cd6668e5abcc,2024-01-14,15:18:44.06,2024-01-14,21:18:44.06,2024-01-14T15:18:44.0688986-06:00,2024-01-14T21:18:44.0688986Z,AUB_PRC,AUB_TIG,InPlay,Undefined,NoShift,,,,,,,,,,,,,,
0ef579da-cb62-420c-a047-8da34862741d,20,8ffd0d90-b322-11ee-88c2-8909f674eceb,6d1a79f6-4649-487f-acce-4a72dee0a47b,2024-01-14,15:19:12.81,2024-01-14,21:19:12.81,2024-01-14T15:19:12.8143706-06:00,2024-01-14T21:19:12.8143706Z,AUB_PRC,AUB_TIG,InPlay,Undefined,NoShift,,,,,,,,,,,,,,
0ef579da-cb62-420c-a047-8da34862741d,21,9d7b7d80-b322-11ee-88c2-8909f674eceb,2cbd9ca4-beaf-4f3d-bffc-5200c9bb03ee,2024-01-14,15:19:35.48,2024-01-14,21:19:35.48,2024-01-14T15:19:35.4858842-06:00,2024-01-14T21:19:35.4858842Z,AUB_PRC,AUB_TIG,BallCalled,Undefined,NoShift,,,,,,,,,,,,,,
0ef579da-cb62-420c-a047-8da34862741d,22,a7c9e330-b322-11ee-88c2-8909f674eceb,1349dd63-5c51-4ecd-a8ad-c4738c798324,2024-01-14,15:19:52.76,2024-01-14,21:19:52.76,2024-01-14T15:19:52.7623514-06:00,2024-01-14T21:19:52.7623514Z,AUB_PRC,AUB_TIG,StrikeCalled,Undefined,NoShift,,,,,,,,,,,,,,
0ef579da-cb62-420c-a047-8da34862741d,23,b28d2ac0-b322-11ee-88c2-8909f674eceb,78f2ad9d-ebc8-46f0-b701-ec74d5b3f253,2024-01-14,15:20:10.72,2024-01-14,21:20:10.72,2024-01-14T15:20:10.7266394-06:00,2024-01-14T21:20:10.7266394Z,AUB_PRC,AUB_TIG,BallCalled,Undefined,NoShift,,,,,,,,,,,,,,
0ef579da-cb62-420c-a047-8da34862741d,24,bd2c4880-b322-11ee-88c2-8909f674eceb,87bd866d-3202-40e7-8a37-708ec8fb301b,2024-01-14,15:20:28.61,2024-01-14,21:20:28.61,2024-01-14T15:20:28.6123866-06:00,2024-01-14T21:20:28.6123866Z,AUB_PRC,AUB_TIG,InPlay,Sacrifice,NoShift,,,,,,,,,,,,,,
0ef579da-cb62-420c-a047-8da34862741d,25,cf260760-b322-11ee-88c2-8909f674eceb,473b886c-c425-4886-a9ee-c968ae8ced33,2024-01-14,15:20:58.75,2024-01-14,21:20:58.75,2024-01-14T15:20:58.7545946-06:00,2024-01-14T21:20:58.7545946Z,AUB_PRC,AUB_TIG,FoulBall,Undefined,NoShift,,,,,,,,,,,,,,
0ef579da-cb62-420c-a047-8da34862741d,26,e1d1ff40-b322-11ee-88c2-8909f674eceb,5cf0e876-a922-4098-a1b5-5a00531e3f09,2024-01-14,15:21:30.08,2024-01-14,21:21:30.08,2024-01-14T15:21:30.0854106-06:00,2024-01-14T21:21:30.0854106Z,AUB_PRC,AUB_TIG,BallCalled,Undefined,NoShift,,,,,,,,,,,,,,
0ef579da-cb62-420c-a047-8da34862741d,27,ec02a3c0-b322-11ee-88c2-8909f674eceb,1f7b9ce8-83c0-4498-bbc2-1e8bcf3b1ded,2024-01-14,15:21:47.22,2024-01-14,21:21:47.22,2024-01-14T15:21:47.2252762-06:00,2024-01-14T21:21:47.2252762Z,AUB_PRC,AUB_TIG,BallCalled,Undefined,NoShift,,,,,,,,,,,,,,
0ef579da-cb62-420c-a047-8da34862741d,28,f8e19f60-b322-11ee-88c2-8909f674eceb,fbdcf36b-342b-45a9-bda4-616b80161ae9,2024-01-14,15:22:08.76,2024-01-14,21:22:08.76,2024-01-14T15:22:08.7606618-06:00,2024-01-14T21:22:08.7606618Z,AUB_PRC,AUB_TIG,BallCalled,Undefined,NoShift,,,,,,,,,,,,,,
0ef579da-cb62-420c-a047-8da34862741d,29,060a0010-b323-11ee-88c2-8909f674eceb,cba45b2a-0571-41b2-a16e-120bf9754571,2024-01-14,15:22:30.84,2024-01-14,21:22:30.84,2024-01-14T15:22:30.8458330-06:00,2024-01-14T21:22:30.8458330Z,AUB_PRC,AUB_TIG,FoulBall,Undefined,NoShift,,,,,,,,,253.79022,-178.0005,,,,
0ef579da-cb62-420c-a047-8da34862741d,30,15a53580-b323-11ee-88c2-8909f674eceb,397bfaef-af94-442f-924f-6de717e927f6,2024-01-14,15:22:56.94,2024-01-14,21:22:56.94,2024-01-14T15:22:56.9476442-06:00,2024-01-14T21:22:56.9476442Z,AUB_PRC,AUB_TIG,StrikeCalled,Undefined,NoShift,,,,,,,,,,,,,,
0ef579da-cb62-420c-a047-8da34862741d,31,21f07ca0-b323-11ee-88c2-8909f674eceb,c7414bf2-45e3-4018-a802-32742549a0b4,2024-01-14,15:23:17.67,2024-01-14,21:23:17.67,2024-01-14T15:23:17.6707418-06:00,2024-01-14T21:23:17.6707418Z,AUB_PRC,AUB_TIG,BallCalled,Undefined,NoShift,,,,,,,,,,,,,,
0ef579da-cb62-420c-a047-8da34862741d,32,8078c610-b323-11ee-88c2-8909f674eceb,d29f283d-214e-4072-9113-90d020fa0a64,2024-01-14,15:25:56.17,2024-01-14,21:25:56.17,2024-01-14T15:25:56.1767770-06:00,2024-01-14T21:25:56.1767770Z,AUB_PRC,AUB_TIG,BallCalled,Undefined,NoShift,,,,,,,,,261.42878,-162.20697,,,,
0ef579da-cb62-420c-a047-8da34862741d,33,8950b860-b323-11ee-88c2-8909f674eceb,0bd466e0-520b-46c1-95d0-2d01d38635f9,2024-01-14,15:26:11.09,2024-01-14,21:26:11.09,2024-01-14T15:26:11.0942554-06:00,2024-01-14T21:26:11.0942554Z,AUB_PRC,AUB_TIG,StrikeCalled,Undefined,NoShift,,,,,,,,,261.44276,-162.21617,,,,
0ef579da-cb62-420c-a047-8da34862741d,34,957bcd50-b323-11ee-88c2-8909f674eceb,0ce9a986-1508-48b6-9335-e515c3c1e622,2024-01-14,15:26:30.96,2024-01-14,21:26:30.96,2024-01-14T15:26:30.9676378-06:00,2024-01-14T21:26:30.9676378Z,AUB_PRC,AUB_TIG,FoulBall,Undefined,NoShift,,,,,,,,,249.44472,-158.91429,,,,
0ef579da-cb62-420c-a047-8da34862741d,35,a13b0110-b323-11ee-88c2-8909f674eceb,3b9e2272-9bc4-4c33-8182-fbd34201e73b,2024-01-14,15:26:51.25,2024-01-14,21:26:51.25,2024-01-14T15:26:51.2512346-06:00,2024-01-14T21:26:51.2512346Z,AUB_PRC,AUB_TIG,StrikeCalled,Undefined,NoShift,,,,,,,,,249.75585,-159.10714,,,,
0ef579da-cb62-420c-a047-8da34862741d,36,af8a5590-b323-11ee-88c2-8909f674eceb,58876fba-3e07-4cde-b048-299dec13672b,2024-01-14,15:27:15.20,2024-01-14,21:27:15.20,2024-01-14T15:27:15.2026970-06:00,2024-01-14T21:27:15.2026970Z,AUB_PRC,AUB_TIG,StrikeCalled,Undefined,NoShift,,,,,,,,,247.34244,-156.03153,,,,
0ef579da-cb62-420c-a047-8da34862741d,37,b89a20c0-b323-11ee-88c2-8909f674eceb,49e15727-80f3-457d-913e-0d8f5fb1204e,2024-01-14,15:27:30.38,2024-01-14,21:27:30.38,2024-01-14T15:27:30.3822682-06:00,2024-01-14T21:27:30.3822682Z,AUB_PRC,AUB_TIG,StrikeSwinging,Undefined,NoShift,,,,,,,,,246.45771,-155.65276,,,,
0ef579da-cb62-420c-a047-8da34862741d,38,c2babfb0-b323-11ee-88c2-8909f674eceb,0ce7e680-1900-4cff-9494-37e412b890d7,2024-01-14,15:27:47.42,2024-01-14,21:27:47.42,2024-01-14T15:27:47.4271578-06:00,2024-01-14T21:27:47.4271578Z,AUB_PRC,AUB_TIG,InPlay,Undefined,NoShift,,,,,,,,,246.73777,-155.70771,,,,
0ef579da-cb62-420c-a047-8da34862741d,39,d0ea3020-b323-11ee-88c2-8909f674eceb,5dc3603d-fedf-4607-b38d-7cefa2af36df,2024-01-14,15:28:11.22,2024-01-14,21:28:11.22,2024-01-14T15:28:11.2264538-06:00,2024-01-14T21:28:11.2264538Z,AUB_PRC,AUB_TIG,BallCalled,Undefined,NoShift,,,,,,,,,244.66033,-150.86014,,,,
0ef579da-cb62-420c-a047-8da34862741d,40,d90c3ff0-b323-11ee-88c2-8909f674eceb,6908c7af-28cd-42c3-8d0c-911300689f27,2024-01-14,15:28:24.85,2024-01-14,21:28:24.85,2024-01-14T15:28:24.8568666-06:00,2024-01-14T21:28:24.8568666Z,AUB_PRC,AUB_TIG,BallCalled,Undefined,NoShift,,,,,,,,,243.21951,-150.20728,,,,
0ef579da-cb62-420c-a047-8da34862741d,41,e4ae27b0-b323-11ee-88c2-8909f674eceb,6805f402-3225-4e04-be3c-0147b2e89a3c,2024-01-14,15:28:44.23,2024-01-14,21:28:44.23,2024-01-14T15:28:44.2369882-06:00,2024-01-14T21:28:44.2369882Z,AUB_PRC,AUB_TIG,StrikeCalled,Undefined,NoShift,,,,,,,,,243.76047,-150.47977,,,,
0ef579da-cb62-420c-a047-8da34862741d,42,ee44d620-b323-11ee-88c2-8909f674eceb,36bafd97-7796-42a8-a1a2-8dfee2205a8e,2024-01-14,15:29:00.48,2024-01-14,21:29:00.48,2024-01-14T15:29:00.4844378-06:00,2024-01-14T21:29:00.4844378Z,AUB_PRC,AUB_TIG,BallCalled,Undefined,NoShift,,,,,,,,,244.2173,-150.64946,,,,
0ef579da-cb62-420c-a047-8da34862741d,43,f8c436e0-b323-11ee-88c2-8909f674eceb,962aa5f9-5cb5-452f-9d31-8d96dd813f90,2024-01-14,15:29:17.98,2024-01-14,21:29:17.98,2024-01-14T15:29:17.9856218-06:00,2024-01-14T21:29:17.9856218Z,AUB_PRC,AUB_TIG,StrikeCalled,Undefined,NoShift,,,,,,,,,261.26992,-156.3281,,,,
0ef579da-cb62-420c-a047-8da34862741d,44,4f1b2e40-b324-11ee-88c2-8909f674eceb,fc32c5ae-e2bf-441d-b7b7-21841e41849b,2024-01-14,15:31:42.89,2024-01-14,21:31:42.89,2024-01-14T15:31:42.8969818-06:00,2024-01-14T21:31:42.8969818Z,AUB_PRC,AUB_TIG,InPlay,Double,NoShift,,,,,,,,,,,,,,
0ef579da-cb62-420c-a047-8da34862741d,45,5dc1f190-b324-11ee-88c2-8909f674eceb,34b6e325-f6a1-4bd3-a7ec-1216fa470c48,2024-01-14,15:32:07.42,2024-01-14,21:32:07.42,2024-01-14T15:32:07.4276698-06:00,2024-01-14T21:32:07.4276698Z,AUB_PRC,AUB_TIG,StrikeSwinging,Undefined,NoShift,,,,,,,,,249.09309,-177.99699,,,,
0ef579da-cb62-420c-a047-8da34862741d,46,6612d990-b324-11ee-88c2-8909f674eceb,84f1cb33-7006-46e9-94f5-ceaabb478e14,2024-01-14,15:32:21.37,2024-01-14,21:32:21.37,2024-01-14T15:32:21.3751130-06:00,2024-01-14T21:32:21.3751130Z,AUB_PRC,AUB_TIG,StrikeSwinging,Undefined,NoShift,,,,,,,,,240.2786,-176.52326,,,,
0ef579da-cb62-420c-a047-8da34862741d,47,6f858540-b324-11ee-88c2-8909f674eceb,91b91fad-d7dc-4c1b-b5b1-9a6f6d910095,2024-01-14,15:32:37.25,2024-01-14,21:32:37.25,2024-01-14T15:32:37.2581210-06:00,2024-01-14T21:32:37.2581210Z,AUB_PRC,AUB_TIG,StrikeSwinging,Undefined,NoShift,,,,,,,,,245.16961,-175.16116,,,,
0ef579da-cb62-420c-a047-8da34862741d,48,836a9960-b324-11ee-88c2-8909f674eceb,85d52526-5c0c-425c-9d50-ddd75243a24c,2024-01-14,15:33:10.56,2024-01-14,21:33:10.56,2024-01-14T15:33:10.5641306-06:00,2024-01-14T21:33:10.5641306Z,AUB_PRC,AUB_TIG,StrikeCalled,Undefined,NoShift,,,,,,,,,274.25223,-155.55288,,,,
0ef579da-cb62-420c-a047-8da34862741d,49,8bfafb60-b324-11ee-88c2-8909f674eceb,f7fad794-ddeb-4f97-a3dd-2d613dfb5605,2024-01-14,15:33:24.99,2024-01-14,21:33:24.99,2024-01-14T15:33:24.9934170-06:00,2024-01-14T21:33:24.9934170Z,AUB_PRC,AUB_TIG,BallCalled,Undefined,NoShift,,,,,,,,,289.57906,-143.79583,,,,
0ef579da-cb62-420c-a047-8da34862741d,50,960f1730-b324-11ee-88c2-8909f674eceb,bd92c7b9-1d11-4f73-8fb0-ad9591c104b2,2024-01-14,15:33:41.89,2024-01-14,21:33:41.89,2024-01-14T15:33:41.8971994-06:00,2024-01-14T21:33:41.8971994Z,AUB_PRC,AUB_TIG,StrikeCalled,Undefined,NoShift,,,,,,,,,,,,,,
0ef579da-cb62-420c-a047-8da34862741d,51,a0b560e0-b324-11ee-88c2-8909f674eceb,51ce8a46-b910-4ab5-9e5c-da25646dfff7,2024-01-14,15:33:59.77,2024-01-14,21:33:59.77,2024-01-14T15:33:59.7701466-06:00,2024-01-14T21:33:59.7701466Z,AUB_PRC,AUB_TIG,BallCalled,Undefined,NoShift,,,,,,,,,284.52727,-143.37431,,,,
0ef579da-cb62-420c-a047-8da34862741d,52,aedf5310-b324-11ee-88c2-8909f674eceb,85d5b7ec-14af-4b0d-88c5-a0995e02ec3c,2024-01-14,15:34:23.56,2024-01-14,21:34:23.56,2024-01-14T15:34:23.5692890-06:00,2024-01-14T21:34:23.5692890Z,AUB_PRC,AUB_TIG,BallCalled,Undefined,NoShift,,,,,,,,,302.52721,-132.68391,,,,
0ef579da-cb62-420c-a047-8da34862741d,53,be94c740-b324-11ee-88c2-8909f674eceb,5ada5ce0-2748-4628-96df-06dec7483f55,2024-01-14,15:34:49.92,2024-01-14,21:34:49.92,2024-01-14T15:34:49.9223386-06:00,2024-01-14T21:34:49.9223386Z,AUB_PRC,AUB_TIG,InPlay,HomeRun,NoShift,,,,,,,,,268.0485,-164.52409,,,,
0ef579da-cb62-420c-a047-8da34862741d,54,d5896550-b324-11ee-88c2-8909f674eceb,be6e208f-396a-4bfc-987b-2938ebfb11f6,2024-01-14,15:35:28.35,2024-01-14,21:35:28.35,2024-01-14T15:35:28.3583834-06:00,2024-01-14T21:35:28.3583834Z,AUB_PRC,AUB_TIG,StrikeCalled,Undefined,NoShift,,,,,,,,,,,,,,
0ef579da-cb62-420c-a047-8da34862741d,55,dfbfd630-b324-11ee-88c2-8909f674eceb,b46efb57-a4c0-4941-9a06-3236ad15b678,2024-01-14,15:35:45.57,2024-01-14,21:35:45.57,2024-01-14T15:35:45.5781210-06:00,2024-01-14T21:35:45.5781210Z,AUB_PRC,AUB_TIG,BallCalled,Undefined,NoShift,,,,,,,,,,,,,,
0ef579da-cb62-420c-a047-8da34862741d,56,ed38eef0-b324-11ee-88c2-8909f674eceb,0b6ebd93-498f-47aa-9a35-d268d33e2537,2024-01-14,15:36:08.06,2024-01-14,21:36:08.06,2024-01-14T15:36:08.0690522-06:00,2024-01-14T21:36:08.0690522Z,AUB_PRC,AUB_TIG,BallCalled,Undefined,NoShift,,,,,,,,,256.10714,-175.13553,,,,
0ef579da-cb62-420c-a047-8da34862741d,57,f92b1990-b324-11ee-88c2-8909f674eceb,c660f43f-afc4-42b1-b09f-a3a465356b5f,2024-01-14,15:36:28.15,2024-01-14,21:36:28.15,2024-01-14T15:36:28.1576282-06:00,2024-01-14T21:36:28.1576282Z,AUB_PRC,AUB_TIG,BallCalled,Undefined,NoShift,,,,,,,,,260.36278,-175.21634,,,,
0ef579da-cb62-420c-a047-8da34862741d,58,05663410-b325-11ee-88c2-8909f674eceb,42b60e26-a9d5-49c4-b800-73f8d7204c77,2024-01-14,15:36:48.69,2024-01-14,21:36:48.69,2024-01-14T15:36:48.6929754-06:00,2024-01-14T21:36:48.6929754Z,AUB_PRC,AUB_TIG,StrikeCalled,Undefined,NoShift,,,,,,,,,254.78905,-166.13173,,,,
0ef579da-cb62-420c-a047-8da34862741d,59,11831830-b325-11ee-88c2-8909f674eceb,5091e3da-ecad-4f06-b15c-e68a6457966d,2024-01-14,15:37:08.95,2024-01-14,21:37:08.95,2024-01-14T15:37:08.9589594-06:00,2024-01-14T21:37:08.9589594Z,AUB_PRC,AUB_TIG,StrikeSwinging,Undefined,NoShift,,,,,,,,,256.41253,-166.90908,,,,
0ef579da-cb62-420c-a047-8da34862741d,60,932ce960-b325-11ee-88c2-8909f674eceb,23e83298-3548-43ca-bdd3-312d89f63d41,2024-01-14,15:40:46.54,2024-01-14,21:40:46.54,2024-01-14T15:40:46.5455450-06:00,2024-01-14T21:40:46.5455450Z,AUB_PRC,AUB_TIG,FoulBall,Undefined,NoShift,,,,,57.65928,-29.51651,,,255.18258,-142.58634,,,,
0ef579da-cb62-420c-a047-8da34862741d,61,a6e10270-b325-11ee-88c2-8909f674eceb,c378e382-9aa2-4500-ba1a-a5ef98b71edb,2024-01-14,15:41:19.62,2024-01-14,21:41:19.62,2024-01-14T15:41:19.6215130-06:00,2024-01-14T21:41:19.6215130Z,AUB_PRC,AUB_TIG,StrikeCalled,Undefined,NoShift,,,,,,,,,254.23833,-142.02241,337.30029,-95.896,,
0ef579da-cb62-420c-a047-8da34862741d,62,b1bd0220-b325-11ee-88c2-8909f674eceb,437b7a55-02bd-4364-8189-f311fa0a9043,2024-01-14,15:41:37.85,2024-01-14,21:41:37.85,2024-01-14T15:41:37.8517338-06:00,2024-01-14T21:41:37.8517338Z,AUB_PRC,AUB_TIG,StrikeSwinging,Undefined,NoShift,,,,,,,,,254.15385,-142.09355,341.74093,-92.51539,,
0ef579da-cb62-420c-a047-8da34862741d,63,bd35de10-b325-11ee-88c2-8909f674eceb,4b0445b1-38cf-4ca0-bc3b-c02a86b23ed6,2024-01-14,15:41:57.10,2024-01-14,21:41:57.10,2024-01-14T15:41:57.1023706-06:00,2024-01-14T21:41:57.1023706Z,AUB_PRC,AUB_TIG,FoulBall,Undefined,NoShift,,,,,,,,,254.25002,-142.03038,,,,
0ef579da-cb62-420c-a047-8da34862741d,64,cc6420e0-b325-11ee-88c2-8909f674eceb,63f93102-3de4-47e2-9e61-0088f9018cc1,2024-01-14,15:42:22.48,2024-01-14,21:42:22.48,2024-01-14T15:42:22.4837978-06:00,2024-01-14T21:42:22.4837978Z,AUB_PRC,AUB_TIG,BallCalled,Undefined,NoShift,,,,,,,,,254.57194,-142.2238,,,,
0ef579da-cb62-420c-a047-8da34862741d,65,d6a7d830-b325-11ee-88c2-8909f674eceb,12f64915-f894-4748-a041-984ae3ed6a58,2024-01-14,15:42:39.82,2024-01-14,21:42:39.82,2024-01-14T15:42:39.8245722-06:00,2024-01-14T21:42:39.8245722Z,AUB_PRC,AUB_TIG,StrikeSwinging,Undefined,NoShift,,,,,,,,,251.26972,-143.86817,,,,
0ef579da-cb62-420c-a047-8da34862741d,66,e8f423e0-b325-11ee-88c2-8909f674eceb,9ffc2f31-9056-4168-ac26-f88dc1f7b5d8,2024-01-14,15:43:10.46,2024-01-14,21:43:10.46,2024-01-14T15:43:10.4631130-06:00,2024-01-14T21:43:10.4631130Z,AUB_PRC,AUB_TIG,InPlay,Undefined,NoShift,,,,,,,,,250.31119,-155.0853,,,,
0ef579da-cb62-420c-a047-8da34862741d,67,ff3c0730-b325-11ee-88c2-8909f674eceb,27c26a4b-daae-4571-ad78-f902ebfbbbbb,2024-01-14,15:43:47.74,2024-01-14,21:43:47.74,2024-01-14T15:43:47.7404506-06:00,2024-01-14T21:43:47.7404506Z,AUB_PRC,AUB_TIG,BallCalled,Undefined,NoShift,,,,,,,,,249.82954,-146.82742,,,,
0ef579da-cb62-420c-a047-8da34862741d,68,0aff59a0-b326-11ee-88c2-8909f674eceb,5041b7e2-6516-4f1a-a6b3-5d3c9e1adbc4,2024-01-14,15:44:07.62,2024-01-14,21:44:07.62,2024-01-14T15:44:07.6210522-06:00,2024-01-14T21:44:07.6210522Z,AUB_PRC,AUB_TIG,BallCalled,Undefined,NoShift,,,,,,,,,260.44933,-167.01907,,,,
0ef579da-cb62-420c-a047-8da34862741d,69,14a74620-b326-11ee-88c2-8909f674eceb,6086988c-9825-4c51-bdf1-5356963d69a6,2024-01-14,15:44:23.76,2024-01-14,21:44:23.76,2024-01-14T15:44:23.7635418-06:00,2024-01-14T21:44:23.7635418Z,AUB_PRC,AUB_TIG,FoulBall,Undefined,NoShift,,,,,,,,,256.11533,-156.48756,,,,
0ef579da-cb62-420c-a047-8da34862741d,70,2941eea0-b326-11ee-88c2-8909f674eceb,ac654222-3fbf-4227-9295-3a8c835231fe,2024-01-14,15:44:58.29,2024-01-14,21:44:58.29,2024-01-14T15:44:58.2988122-06:00,2024-01-14T21:44:58.2988122Z,AUB_PRC,AUB_TIG,BallCalled,Undefined,NoShift,,,,,,,,,265.92113,-169.92013,,,,
0ef579da-cb62-420c-a047-8da34862741d,71,3485b0d0-b326-11ee-88c2-8909f674eceb,4ea0e1a4-7054-47b5-81ff-f81b602b4028,2024-01-14,15:45:17.15,2024-01-14,21:45:17.15,2024-01-14T15:45:17.1591002-06:00,2024-01-14T21:45:17.1591002Z,AUB_PRC,AUB_TIG,StrikeCalled,Undefined,LeftInfieldShift,,,,,,,145.64922,-84.65842,252.95962,-154.76478,,,,
0ef579da-cb62-420c-a047-8da34862741d,72,4482b550-b326-11ee-88c2-8909f674eceb,d7f1fd16-3260-4aa3-ba80-be0fea24bda6,2024-01-14,15:45:44.04,2024-01-14,21:45:44.04,2024-01-14T15:45:44.0411482-06:00,2024-01-14T21:45:44.0411482Z,AUB_PRC,AUB_TIG,BallCalled,Undefined,NoShift,,,,,,,,,252.15672,-154.34096,,,,
0ef579da-cb62-420c-a047-8da34862741d,73,536485d0-b326-11ee-88c2-8909f674eceb,dc95196c-eecf-4b5f-877e-063373db9e4c,2024-01-14,15:46:09.01,2024-01-14,21:46:09.01,2024-01-14T15:46:09.0123610-06:00,2024-01-14T21:46:09.0123610Z,AUB_PRC,AUB_TIG,StrikeCalled,Undefined,NoShift,,,,,,,,,253.83456,-148.70706,,,,
0ef579da-cb62-420c-a047-8da34862741d,74,5eb84d90-b326-11ee-88c2-8909f674eceb,9c063dfe-2132-4f8c-8302-39ca280a021a,2024-01-14,15:46:27.97,2024-01-14,21:46:27.97,2024-01-14T15:46:27.9779674-06:00,2024-01-14T21:46:27.9779674Z,AUB_PRC,AUB_TIG,BallCalled,Undefined,NoShift,,,,,,,,,253.14088,-148.08085,,,,
0ef579da-cb62-420c-a047-8da34862741d,75,6895f010-b326-11ee-88c2-8909f674eceb,335d0a09-13ec-474a-8135-ab79694cda2f,2024-01-14,15:46:44.50,2024-01-14,21:46:44.50,2024-01-14T15:46:44.5032794-06:00,2024-01-14T21:46:44.5032794Z,AUB_PRC,AUB_TIG,BallCalled,Undefined,NoShift,,,,,,,,,256.32566,-142.12497,,,,
0ef579da-cb62-420c-a047-8da34862741d,76,74517a50-b326-11ee-88c2-8909f674eceb,ead93c25-321d-4216-9a8d-cfc473193919,2024-01-14,15:47:04.22,2024-01-14,21:47:04.22,2024-01-14T15:47:04.2228570-06:00,2024-01-14T21:47:04.2228570Z,AUB_PRC,AUB_TIG,BallCalled,Undefined,NoShift,,,,,,,,,259.44741,-144.34754,,,,
0ef579da-cb62-420c-a047-8da34862741d,77,801e90c0-b326-11ee-88c2-8909f674eceb,5bc1edb1-2678-4672-8743-f9a179dfceaf,2024-01-14,15:47:24.00,2024-01-14,21:47:24.00,2024-01-14T15:47:24.0031066-06:00,2024-01-14T21:47:24.0031066Z,AUB_PRC,AUB_TIG,StrikeSwinging,Undefined,NoShift,,,,,,,,,253.21256,-142.84927,,,,
0ef579da-cb62-420c-a047-8da34862741d,78,897046f0-b326-11ee-88c2-8909f674eceb,95e0e540-522d-42a8-9e0d-6c6e2fa14d41,2024-01-14,15:47:39.62,2024-01-14,21:47:39.62,2024-01-14T15:47:39.6266330-06:00,2024-01-14T21:47:39.6266330Z,AUB_PRC,AUB_TIG,FoulBall,Undefined,NoShift,,,,,,,,,254.2946,-143.33454,,,,
0ef579da-cb62-420c-a047-8da34862741d,79,9a3ad4a0-b326-11ee-88c2-8909f674eceb,14c56fd8-548c-4d29-8399-d899930484b3,2024-01-14,15:48:07.84,2024-01-14,21:48:07.84,2024-01-14T15:48:07.8414682-06:00,2024-01-14T21:48:07.8414682Z,AUB_PRC,AUB_TIG,StrikeCalled,Undefined,NoShift,,,,,,,,,253.67527,-143.48215,,,,
0ef579da-cb62-420c-a047-8da34862741d,80,07286b90-b327-11ee-88c2-8909f674eceb,016529cc-5e07-44cf-994d-b0a6ab9c7fc0,2024-01-14,15:51:10.61,2024-01-14,21:51:10.61,2024-01-14T15:51:10.6195802-06:00,2024-01-14T21:51:10.6195802Z,AUB_PRC,AUB_TIG,StrikeCalled,Undefined,NoShift,,,,,,,,,251.94346,-142.76234,,,,
0ef579da-cb62-420c-a047-8da34862741d,81,13298a50-b327-11ee-88c2-8909f674eceb,68804a01-46c9-4d3b-8aa4-4bcaf600575b,2024-01-14,15:51:30.70,2024-01-14,21:51:30.70,2024-01-14T15:51:30.7028826-06:00,2024-01-14T21:51:30.7028826Z,AUB_PRC,AUB_TIG,BallCalled,Undefined,NoShift,,,,,,,,,251.28659,-142.50751,,,,
0ef579da-cb62-420c-a047-8da34862741d,82,1e5b4b20-b327-11ee-88c2-8909f674eceb,646a73ae-6669-406c-b512-cf7c72a2777e,2024-01-14,15:51:49.52,2024-01-14,21:51:49.52,2024-01-14T15:51:49.5266138-06:00,2024-01-14T21:51:49.5266138Z,AUB_PRC,AUB_TIG,InPlay,Undefined,NoShift,,,,,,,,,250.83196,-142.02216,,,,
0ef579da-cb62-420c-a047-8da34862741d,83,315f7520-b327-11ee-88c2-8909f674eceb,56de0338-a41f-42d9-9904-7bf41a968b32,2024-01-14,15:52:21.36,2024-01-14,21:52:21.36,2024-01-14T15:52:21.3635418-06:00,2024-01-14T21:52:21.3635418Z,AUB_PRC,AUB_TIG,BallCalled,Undefined,NoShift,,,,,,,,,251.73481,-141.45966,,,,
0ef579da-cb62-420c-a047-8da34862741d,84,3a7051c0-b327-11ee-88c2-8909f674eceb,05ce0692-6beb-4d63-bb46-b2bd6adf285c,2024-01-14,15:52:36.62,2024-01-14,21:52:36.62,2024-01-14T15:52:36.6241626-06:00,2024-01-14T21:52:36.6241626Z,AUB_PRC,AUB_TIG,BallCalled,Undefined,NoShift,,,,,,,,,253.19743,-141.90667,,,,
0ef579da-cb62-420c-a047-8da34862741d,85,44799820-b327-11ee-88c2-8909f674eceb,d0b52d4b-7c32-40a0-96aa-baf1ebca40f0,2024-01-14,15:52:53.42,2024-01-14,21:52:53.42,2024-01-14T15:52:53.4273882-06:00,2024-01-14T21:52:53.4273882Z,AUB_PRC,AUB_TIG,BallCalled,Undefined,NoShift,,,,,,,,,252.67242,-142.07205,,,,
0ef579da-cb62-420c-a047-8da34862741d,86,4eda9b70-b327-11ee-88c2-8909f674eceb,4bb18fd7-d99f-4563-bd69-070403ecdc8a,2024-01-14,15:53:10.87,2024-01-14,21:53:10.87,2024-01-14T15:53:10.8743514-06:00,2024-01-14T21:53:10.8743514Z,AUB_PRC,AUB_TIG,FoulBall,Undefined,NoShift,,,,,,,,,253.1989,-141.59133,,,,
0ef579da-cb62-420c-a047-8da34862741d,87,5b561a50-b327-11ee-88c2-8909f674eceb,2c4bfb6e-261b-4fdc-8284-35af5728d061,2024-01-14,15:53:31.77,2024-01-14,21:53:31.77,2024-01-14T15:53:31.7750618-06:00,2024-01-14T21:53:31.7750618Z,AUB_PRC,AUB_TIG,StrikeCalled,Undefined,NoShift,,,,,,,,,252.59765,-140.7851,,,,
0ef579da-cb62-420c-a047-8da34862741d,88,69901210-b327-11ee-88c2-8909f674eceb,a9d93517-cae6-4a6a-b16a-0535dd7c69f0,2024-01-14,15:53:55.61,2024-01-14,21:53:55.61,2024-01-14T15:53:55.6104026-06:00,2024-01-14T21:53:55.6104026Z,AUB_PRC,AUB_TIG,BallCalled,Undefined,NoShift,,,,,,,,,251.29045,-137.60889,,,,
0ef579da-cb62-420c-a047-8da34862741d,89,75e32160-b327-11ee-88c2-8909f674eceb,074b5056-5751-4973-952f-589268f63b17,2024-01-14,15:54:16.35,2024-01-14,21:54:16.35,2024-01-14T15:54:16.3508058-06:00,2024-01-14T21:54:16.3508058Z,AUB_PRC,AUB_TIG,FoulBall,Undefined,NoShift,,,,,,,,,250.59046,-136.62369,,,,
0ef579da-cb62-420c-a047-8da34862741d,90,8470de70-b327-11ee-88c2-8909f674eceb,e2d731e9-58c8-4524-9920-b446c94ad490,2024-01-14,15:54:40.69,2024-01-14,21:54:40.69,2024-01-14T15:54:40.6972250-06:00,2024-01-14T21:54:40.6972250Z,AUB_PRC,AUB_TIG,BallCalled,Undefined,NoShift,,,,,,,,,250.61075,-136.62035,,,,
0ef579da-cb62-420c-a047-8da34862741d,91,8ee91340-b327-11ee-88c2-8909f674eceb,d07773f9-5c96-4afc-bc27-aff69c0544e6,2024-01-14,15:54:58.29,2024-01-14,21:54:58.29,2024-01-14T15:54:58.2944090-06:00,2024-01-14T21:54:58.2944090Z,AUB_PRC,AUB_TIG,BallCalled,Undefined,NoShift,,,,,,,,,250.15651,-134.18051,,,,
0ef579da-cb62-420c-a047-8da34862741d,92,9baf2fb0-b327-11ee-88c2-8909f674eceb,dbb862d9-4b5b-4b64-8672-4db5759945ec,2024-01-14,15:55:19.76,2024-01-14,21:55:19.76,2024-01-14T15:55:19.7638490-06:00,2024-01-14T21:55:19.7638490Z,AUB_PRC,AUB_TIG,StrikeSwinging,Undefined,NoShift,,,,,,,,,250.60104,-136.34601,,,,
0ef579da-cb62-420c-a047-8da34862741d,93,ac67bc00-b327-11ee-88c2-8909f674eceb,8dcee1af-f387-40af-831b-4c6b148e0615,2024-01-14,15:55:47.74,2024-01-14,21:55:47.74,2024-01-14T15:55:47.7439322-06:00,2024-01-14T21:55:47.7439322Z,AUB_PRC,AUB_TIG,BallCalled,Undefined,NoShift,,,,,,,,,250.01313,-136.15789,,,,
0ef579da-cb62-420c-a047-8da34862741d,94,b60e48f0-b327-11ee-88c2-8909f674eceb,b165150e-02d1-4ca3-bd86-ae047e6c892c,2024-01-14,15:56:03.93,2024-01-14,21:56:03.93,2024-01-14T15:56:03.9397722-06:00,2024-01-14T21:56:03.9397722Z,AUB_PRC,AUB_TIG,StrikeCalled,Undefined,NoShift,,,,,,,,,251.64934,-136.49974,,,,
0ef579da-cb62-420c-a047-8da34862741d,95,c0eeb570-b327-11ee-88c2-8909f674eceb,31f59d7e-83bc-4df5-b2d8-ff23ffd7ad70,2024-01-14,15:56:22.19,2024-01-14,21:56:22.19,2024-01-14T15:56:22.1996890-06:00,2024-01-14T21:56:22.1996890Z,AUB_PRC,AUB_TIG,BallCalled,Undefined,NoShift,,,,,,,,,249.71809,-136.92344,,,,
0ef579da-cb62-420c-a047-8da34862741d,96,cc9e58d0-b327-11ee-88c2-8909f674eceb,59df1988-3662-42b2-a784-32b6e4f5ebf8,2024-01-14,15:56:41.92,2024-01-14,21:56:41.92,2024-01-14T15:56:41.9217242-06:00,2024-01-14T21:56:41.9217242Z,AUB_PRC,AUB_TIG,BallCalled,Undefined,NoShift,,,,,,,,,249.11017,-136.3011,,,,
0ef579da-cb62-420c-a047-8da34862741d,97,d96f98d0-b327-11ee-88c2-8909f674eceb,f660e264-e082-46c6-b5bc-206971f23f40,2024-01-14,15:57:03.32,2024-01-14,21:57:03.32,2024-01-14T15:57:03.3231706-06:00,2024-01-14T21:57:03.3231706Z,AUB_PRC,AUB_TIG,StrikeCalled,Undefined,NoShift,,,,,,,,,250.77568,-136.84901,,,,
0ef579da-cb62-420c-a047-8da34862741d,98,e4f34a30-b327-11ee-88c2-8909f674eceb,1a3f81fe-4302-4d83-996d-f9a65f3006fd,2024-01-14,15:57:22.66,2024-01-14,21:57:22.66,2024-01-14T15:57:22.6603354-06:00,2024-01-14T21:57:22.6603354Z,AUB_PRC,AUB_TIG,StrikeCalled,Undefined,NoShift,,,,,,,,,253.49134,-156.44402,,,,
0ef579da-cb62-420c-a047-8da34862741d,99,5c2b4f30-b328-11ee-88c2-8909f674eceb,192a93bc-4f67-4476-b612-dbcb0bd15b06,2024-01-14,16:00:42.68,2024-01-14,22:00:42.68,2024-01-14T16:00:42.6861914-06:00,2024-01-14T22:00:42.6861914Z,AUB_PRC,AUB_TIG,FoulBall,Undefined,NoShift,,,,,,,,,247.94838,-170.98674,,,,
0ef579da-cb62-420c-a047-8da34862741d,100,697eb780-b328-11ee-88c2-8909f674eceb,0d192fe2-9cc6-40e8-9265-cd9d5cea8c0e,2024-01-14,16:01:04.97,2024-01-14,22:01:04.97,2024-01-14T16:01:04.9742170-06:00,2024-01-14T22:01:04.9742170Z,AUB_PRC,AUB_TIG,StrikeCalled,Undefined,NoShift,,,,,,,,,246.47715,-170.15056,,,,
0ef579da-cb62-420c-a047-8da34862741d,101,7462a670-b328-11ee-88c2-8909f674eceb,d2cb354b-5cd6-49b5-a115-550afbd284e9,2024-01-14,16:01:23.27,2024-01-14,22:01:23.27,2024-01-14T16:01:23.2701274-06:00,2024-01-14T22:01:23.2701274Z,AUB_PRC,AUB_TIG,BallCalled,Undefined,NoShift,,,,,,,,,243.98262,-163.49656,,,,
0ef579da-cb62-420c-a047-8da34862741d,102,7fc477f0-b328-11ee-88c2-8909f674eceb,1e6cedfa-0677-44e1-bb1e-6db82f5e12de,2024-01-14,16:01:42.37,2024-01-14,22:01:42.37,2024-01-14T16:01:42.3723866-06:00,2024-01-14T22:01:42.3723866Z,AUB_PRC,AUB_TIG,BallCalled,Undefined,NoShift,,,,,,,,,245.27559,-163.9312,,,,
0ef579da-cb62-420c-a047-8da34862741d,103,8c03b120-b328-11ee-88c2-8909f674eceb,e48f3daa-be60-4bce-aa20-131189eb5eff,2024-01-14,16:02:02.86,2024-01-14,22:02:02.86,2024-01-14T16:02:02.8675930-06:00,2024-01-14T22:02:02.8675930Z,AUB_PRC,AUB_TIG,FoulBall,Undefined,NoShift,,,,,,,,,244.02724,-163.32799,,,,
0ef579da-cb62-420c-a047-8da34862741d,104,a2d33b00-b328-11ee-88c2-8909f674eceb,b60f7218-3ed4-4fc8-8a90-8bcf22d72d64,2024-01-14,16:02:41.18,2024-01-14,22:02:41.18,2024-01-14T16:02:41.1809626-06:00,2024-01-14T22:02:41.1809626Z,AUB_PRC,AUB_TIG,InPlay,Undefined,NoShift,,,,,,,,,269.06993,-172.33488,,,,
0ef579da-cb62-420c-a047-8da34862741d,105,b4bc7f20-b328-11ee-88c2-8909f674eceb,d009aaf7-bbef-458c-a06d-428cdfc6ebc5,2024-01-14,16:03:11.24,2024-01-14,22:03:11.24,2024-01-14T16:03:11.2441690-06:00,2024-01-14T22:03:11.2441690Z,AUB_PRC,AUB_TIG,FoulBall,Undefined,NoShift,,,,,,,,,242.16403,-168.6489,,,,
0ef579da-cb62-420c-a047-8da34862741d,106,c49e8190-b328-11ee-88c2-8909f674eceb,68f9a8a6-0661-4127-b20d-10810defba1e,2024-01-14,16:03:37.85,2024-01-14,22:03:37.85,2024-01-14T16:03:37.8549082-06:00,2024-01-14T22:03:37.8549082Z,AUB_PRC,AUB_TIG,BallCalled,Undefined,NoShift,,,,,,,,,240.58552,-165.84796,,,,
0ef579da-cb62-420c-a047-8da34862741d,107,d08c3f60-b328-11ee-88c2-8909f674eceb,fd9fdc02-657a-41c5-8e34-dcc16836590d,2024-01-14,16:03:57.82,2024-01-14,22:03:57.82,2024-01-14T16:03:57.8291034-06:00,2024-01-14T22:03:57.8291034Z,AUB_PRC,AUB_TIG,FoulBall,Undefined,NoShift,,,,,,,,,299.39211,-149.4439,,,,
0ef579da-cb62-420c-a047-8da34862741d,108,e29dcc00-b328-11ee-88c2-8909f674eceb,be8f2371-bd7f-401d-9478-b87b13220091,2024-01-14,16:04:28.18,2024-01-14,22:04:28.18,2024-01-14T16:04:28.1827674-06:00,2024-01-14T22:04:28.1827674Z,AUB_PRC,AUB_TIG,BallCalled,Undefined,NoShift,,,,,,,,,291.0419,-134.81824,,,,
0ef579da-cb62-420c-a047-8da34862741d,109,f2b3d6c0-b328-11ee-88c2-8909f674eceb,9a9c90c3-ddf1-4ab6-92a8-21d733ae9b6c,2024-01-14,16:04:55.12,2024-01-14,22:04:55.12,2024-01-14T16:04:55.1264602-06:00,2024-01-14T22:04:55.1264602Z,AUB_PRC,AUB_TIG,BallCalled,Undefined,NoShift,,,,,,,,,293.51714,-143.58171,,,,
0ef579da-cb62-420c-a047-8da34862741d,110,00821460-b329-11ee-88c2-8909f674eceb,69521204-8b8c-4a95-a311-3cf4c444035f,2024-01-14,16:05:18.30,2024-01-14,22:05:18.30,2024-01-14T16:05:18.3001434-06:00,2024-01-14T22:05:18.3001434Z,AUB_PRC,AUB_TIG,InPlay,Undefined,NoShift,,,,,,,,,271.30396,-164.75045,335.93262,-12.59906,,
0ef579da-cb62-420c-a047-8da34862741d,111,18b8f670-b329-11ee-88c2-8909f674eceb,4e4e4339-383f-483f-a1b9-02271343636e,2024-01-14,16:05:58.98,2024-01-14,22:05:58.98,2024-01-14T16:05:58.9818714-06:00,2024-01-14T22:05:58.9818714Z,AUB_PRC,AUB_TIG,StrikeCalled,Undefined,NoShift,,,,,,,,,242.46999,-165.49796,,,,
0ef579da-cb62-420c-a047-8da34862741d,112,2504b2c0-b329-11ee-88c2-8909f674eceb,a6fb25a1-01aa-439b-b0bb-dddccf58e573,2024-01-14,16:06:19.62,2024-01-14,22:06:19.62,2024-01-14T16:06:19.6208474-06:00,2024-01-14T22:06:19.6208474Z,AUB_PRC,AUB_TIG,BallCalled,Undefined,NoShift,,,,,,,,,286.20634,-104.25582,,,,
0ef579da-cb62-420c-a047-8da34862741d,113,30cc7200-b329-11ee-88c2-8909f674eceb,5f4e61c5-1cf6-48f9-b385-5be58abfe16c,2024-01-14,16:06:39.36,2024-01-14,22:06:39.36,2024-01-14T16:06:39.3679706-06:00,2024-01-14T22:06:39.3679706Z,AUB_PRC,AUB_TIG,BallCalled,Undefined,NoShift,,,,,,,,,266.77313,-132.93917,,,,
0ef579da-cb62-420c-a047-8da34862741d,114,3f49b450-b329-11ee-88c2-8909f674eceb,9f3e62d3-91c1-4871-9819-24ca50607986,2024-01-14,16:07:03.66,2024-01-14,22:07:03.66,2024-01-14T16:07:03.6624730-06:00,2024-01-14T22:07:03.6624730Z,AUB_PRC,AUB_TIG,InPlay,Undefined,NoShift,,,,,,,,,259.7069,-174.14145,,,,
0ef579da-cb62-420c-a047-8da34862741d,115,554acaa0-b329-11ee-88c2-8909f674eceb,7ef1b2f2-e63e-4ed5-b29a-d43588d38338,2024-01-14,16:07:40.53,2024-01-14,22:07:40.53,2024-01-14T16:07:40.5350746-06:00,2024-01-14T22:07:40.5350746Z,AUB_PRC,AUB_TIG,BallCalled,Undefined,NoShift,,,,,,,,,260.88571,-147.19466,,,,
0ef579da-cb62-420c-a047-8da34862741d,116,624823b0-b329-11ee-88c2-8909f674eceb,aaee829c-8b0c-463f-b20f-c41adce002c0,2024-01-14,16:08:01.94,2024-01-14,22:08:01.94,2024-01-14T16:08:01.9430234-06:00,2024-01-14T22:08:01.9430234Z,AUB_PRC,AUB_TIG,BallCalled,Undefined,NoShift,,,,,,,,,278.25429,-129.69379,,,,
0ef579da-cb62-420c-a047-8da34862741d,117,72c861f0-b329-11ee-88c2-8909f674eceb,80635ec7-6259-499a-bccf-fd751e1b85a3,2024-01-14,16:08:30.04,2024-01-14,22:08:30.04,2024-01-14T16:08:30.0471642-06:00,2024-01-14T22:08:30.0471642Z,AUB_PRC,AUB_TIG,StrikeSwinging,Undefined,NoShift,,,,,,,,,277.6985,-133.32932,,,,
0ef579da-cb62-420c-a047-8da34862741d,118,80a6cc30-b329-11ee-88c2-8909f674eceb,74adc6c7-a009-470b-8c56-4e2e4165ba2f,2024-01-14,16:08:53.25,2024-01-14,22:08:53.25,2024-01-14T16:08:53.2576090-06:00,2024-01-14T22:08:53.2576090Z,AUB_PRC,AUB_TIG,BallCalled,Undefined,NoShift,,,,,,,,,265.86017,-147.65782,,,,
0ef579da-cb62-420c-a047-8da34862741d,119,8d0f5f50-b329-11ee-88c2-8909f674eceb,1bfe0b17-8481-419a-8470-0f11d96df0f4,2024-01-14,16:09:14.15,2024-01-14,22:09:14.15,2024-01-14T16:09:14.1528410-06:00,2024-01-14T22:09:14.1528410Z,AUB_PRC,AUB_TIG,InPlay,Undefined,NoShift,,,,,,,,,267.24224,-148.13712,,,,
0ef579da-cb62-420c-a047-8da34862741d,120,9d4b1a80-b329-11ee-88c2-8909f674eceb,768df574-5b20-4167-869d-bf57846ada95,2024-01-14,16:09:41.31,2024-01-14,22:09:41.31,2024-01-14T16:09:41.3109594-06:00,2024-01-14T22:09:41.3109594Z,AUB_PRC,AUB_TIG,BallCalled,Undefined,NoShift,,,,,,,,,267.60646,-148.42205,,,,
0ef579da-cb62-420c-a047-8da34862741d,121,a870a650-b329-11ee-88c2-8909f674eceb,daaecab1-3903-4700-bf4a-08828a340160,2024-01-14,16:10:00.06,2024-01-14,22:10:00.06,2024-01-14T16:10:00.0682330-06:00,2024-01-14T22:10:00.0682330Z,AUB_PRC,AUB_TIG,BallCalled,Undefined,NoShift,,,,,,,,,263.11664,-129.63143,,,,
0ef579da-cb62-420c-a047-8da34862741d,122,b5508c50-b329-11ee-88c2-8909f674eceb,389f91e1-8dc3-42d5-b25c-5c817500063b,2024-01-14,16:10:21.70,2024-01-14,22:10:21.70,2024-01-14T16:10:21.7093978-06:00,2024-01-14T22:10:21.7093978Z,AUB_PRC,AUB_TIG,FoulBall,Undefined,NoShift,,,,,,,,,263.35299,-129.73077,,,,
0ef579da-cb62-420c-a047-8da34862741d,123,c603e880-b329-11ee-88c2-8909f674eceb,1d3ffd34-d990-4083-b929-76cda6678484,2024-01-14,16:10:49.66,2024-01-14,22:10:49.66,2024-01-14T16:10:49.6605530-06:00,2024-01-14T22:10:49.6605530Z,AUB_PRC,AUB_TIG,BallCalled,Undefined,NoShift,,,,,,,,,263.57147,-129.81799,,,,
0ef579da-cb62-420c-a047-8da34862741d,124,d393bd90-b329-11ee-88c2-8909f674eceb,15addbca-d78a-4afe-8e10-3c3139d9b1e7,2024-01-14,16:11:12.42,2024-01-14,22:11:12.42,2024-01-14T16:11:12.4293466-06:00,2024-01-14T22:11:12.4293466Z,AUB_PRC,AUB_TIG,BallCalled,Undefined,NoShift,,,,,,,,,263.27358,-123.98816,,,,
0ef579da-cb62-420c-a047-8da34862741d,125,51ff2ca0-b32a-11ee-88c2-8909f674eceb,c51069dd-2c69-46c4-84d3-431ada5972ef,2024-01-14,16:14:44.49,2024-01-14,22:14:44.49,2024-01-14T16:14:44.4993882-06:00,2024-01-14T22:14:44.4993882Z,AUB_PRC,AUB_TIG,BallCalled,Undefined,NoShift,,,,,,,,,263.61252,-161.94175,,,,
0ef579da-cb62-420c-a047-8da34862741d,126,5a288f70-b32a-11ee-88c2-8909f674eceb,8dcb80e0-dc95-4b0a-b3a9-f4d92f1e6e0b,2024-01-14,16:14:58.22,2024-01-14,22:14:58.22,2024-01-14T16:14:58.2229850-06:00,2024-01-14T22:14:58.2229850Z,AUB_PRC,AUB_TIG,InPlay,Undefined,NoShift,,,,,,,,,246.48754,-168.60627,,,,
0ef579da-cb62-420c-a047-8da34862741d,127,66d69000-b32a-11ee-88c2-8909f674eceb,301a8f15-6df4-4006-9cd9-740f1b4a941f,2024-01-14,16:15:19.45,2024-01-14,22:15:19.45,2024-01-14T16:15:19.4573146-06:00,2024-01-14T22:15:19.4573146Z,AUB_PRC,AUB_TIG,FoulBall,Undefined,NoShift,,,,,,,,,246.67533,-180.71647,,,,
0ef579da-cb62-420c-a047-8da34862741d,128,7176bf30-b32a-11ee-88c2-8909f674eceb,64210e19-0079-448e-82e8-fee7e3aa0238,2024-01-14,16:15:37.29,2024-01-14,22:15:37.29,2024-01-14T16:15:37.2935514-06:00,2024-01-14T22:15:37.2935514Z,AUB_PRC,AUB_TIG,InPlay,Undefined,NoShift,,,,,,,,,263.21813,-167.6907,,,,
0ef579da-cb62-420c-a047-8da34862741d,129,7fe31190-b32a-11ee-88c2-8909f674eceb,1abfa163-aa88-4044-ac3f-5bc0ac358496,2024-01-14,16:16:01.49,2024-01-14,22:16:01.49,2024-01-14T16:16:01.4920538-06:00,2024-01-14T22:16:01.4920538Z,AUB_PRC,AUB_TIG,BallCalled,Undefined,NoShift,,,,,,,,,262.18886,-166.51316,,,,
0ef579da-cb62-420c-a047-8da34862741d,130,8803c1d0-b32a-11ee-88c2-8909f674eceb,ebb9728c-c450-4c2e-bddd-b9953bbd0d82,2024-01-14,16:16:15.12,2024-01-14,22:16:15.12,2024-01-14T16:16:15.1221082-06:00,2024-01-14T22:16:15.1221082Z,AUB_PRC,AUB_TIG,BallCalled,Undefined,NoShift,,,,,,,,,264.24755,-167.48618,,,,
0ef579da-cb62-420c-a047-8da34862741d,131,9456aa10-b32a-11ee-88c2-8909f674eceb,59609487-6451-4a5c-a91f-57e056488946,2024-01-14,16:16:35.76,2024-01-14,22:16:35.76,2024-01-14T16:16:35.7654874-06:00,2024-01-14T22:16:35.7654874Z,AUB_PRC,AUB_TIG,BallCalled,Undefined,NoShift,,,,,,,,,,,307.39724,-4.86285,,
0ef579da-cb62-420c-a047-8da34862741d,132,9e0aa480-b32a-11ee-88c2-8909f674eceb,72824ec4-9ee6-4750-a0a7-0f0f04eb90d8,2024-01-14,16:16:52.10,2024-01-14,22:16:52.10,2024-01-14T16:16:52.1099098-06:00,2024-01-14T22:16:52.1099098Z,AUB_PRC,AUB_TIG,FoulBall,Undefined,NoShift,,,,,,,,,,,,,,
0ef579da-cb62-420c-a047-8da34862741d,133,a9110f90-b32a-11ee-88c2-8909f674eceb,a9cb1bdc-4919-4657-b8f7-3b3015ddd687,2024-01-14,16:17:10.55,2024-01-14,22:17:10.55,2024-01-14T16:17:10.5580890-06:00,2024-01-14T22:17:10.5580890Z,AUB_PRC,AUB_TIG,BallCalled,Undefined,NoShift,,,,,,,,,213.35392,-105.12019,,,,
0ef579da-cb62-420c-a047-8da34862741d,134,b3c1b980-b32a-11ee-88c2-8909f674eceb,531436af-95f3-469e-80b5-dd290de29738,2024-01-14,16:17:28.49,2024-01-14,22:17:28.49,2024-01-14T16:17:28.4972890-06:00,2024-01-14T22:17:28.4972890Z,AUB_PRC,AUB_TIG,BallCalled,Undefined,NoShift,,,,,,,,,264.02473,-80.81972,,,,
0ef579da-cb62-420c-a047-8da34862741d,135,c921d4e0-b32a-11ee-88c2-8909f674eceb,abe91261-b885-405b-9fd9-4013ecc1be64,2024-01-14,16:18:04.32,2024-01-14,22:18:04.32,2024-01-14T16:18:04.3213146-06:00,2024-01-14T22:18:04.3213146Z,AUB_PRC,AUB_TIG,BallCalled,Undefined,NoShift,,,,,,,,,241.32826,-158.91364,,,,
0ef579da-cb62-420c-a047-8da34862741d,136,d0facdc0-b32a-11ee-88c2-8909f674eceb,543a7bc4-5449-4c1c-b71b-a8480fb484de,2024-01-14,16:18:17.47,2024-01-14,22:18:17.47,2024-01-14T16:18:17.4776666-06:00,2024-01-14T22:18:17.4776666Z,AUB_PRC,AUB_TIG,StrikeCalled,Undefined,NoShift,,,,,,,,,250.37926,-187.01332,335.7245,-55.86403,,
0ef579da-cb62-420c-a047-8da34862741d,137,dd3e4cb0-b32a-11ee-88c2-8909f674eceb,27765c61-175b-4824-bb76-1af12dec23e3,2024-01-14,16:18:38.14,2024-01-14,22:18:38.14,2024-01-14T16:18:38.1474650-06:00,2024-01-14T22:18:38.1474650Z,AUB_PRC,AUB_TIG,FoulBall,Undefined,NoShift,,,,,,,,,249.02098,-184.18326,291.59484,-55.52561,252.95523,125.20447
0ef579da-cb62-420c-a047-8da34862741d,138,e9a86670-b32a-11ee-88c2-8909f674eceb,5c6835ec-411c-40f5-b7d3-37f15194403b,2024-01-14,16:18:58.91,2024-01-14,22:18:58.91,2024-01-14T16:18:58.9160794-06:00,2024-01-14T22:18:58.9160794Z,AUB_PRC,AUB_TIG,FoulBall,Undefined,NoShift,,,,,,,,,251.27984,-183.971,,,249.73454,138.59465
0ef579da-cb62-420c-a047-8da34862741d,139,f4bfe880-b32a-11ee-88c2-8909f674eceb,ffeb4494-4658-43c3-9628-0c058c982b17,2024-01-14,16:19:17.51,2024-01-14,22:19:17.51,2024-01-14T16:19:17.5179610-06:00,2024-01-14T22:19:17.5179610Z,AUB_PRC,AUB_TIG,BallCalled,Undefined,NoShift,,,,,,,,,284.87558,-98.12349,,,,
0ef579da-cb62-420c-a047-8da34862741d,140,0024a030-b32b-11ee-88c2-8909f674eceb,09ac5b8e-d3fc-4445-a6c2-39555b053193,2024-01-14,16:19:36.59,2024-01-14,22:19:36.59,2024-01-14T16:19:36.5953370-06:00,2024-01-14T22:19:36.5953370Z,AUB_PRC,AUB_TIG,StrikeSwinging,Undefined,NoShift,,,,,,,,,274.35663,-131.74298,290.57643,43.43693,,
0ef579da-cb62-420c-a047-8da34862741d,141,710babe0-b32b-11ee-88c2-8909f674eceb,7ef6b70d-87e3-47ad-8516-7ba20237fc44,2024-01-14,16:22:46.13,2024-01-14,22:22:46.13,2024-01-14T16:22:46.1319002-06:00,2024-01-14T22:22:46.1319002Z,AUB_PRC,AUB_TIG,InPlay,Undefined,NoShift,,,,,,,,,265.94346,-123.60393,,,,
0ef579da-cb62-420c-a047-8da34862741d,142,81fa1540-b32b-11ee-88c2-8909f674eceb,8fd9921f-6c4f-4fb3-9c08-dd446cd0070b,2024-01-14,16:23:14.49,2024-01-14,22:23:14.49,2024-01-14T16:23:14.4998234-06:00,2024-01-14T22:23:14.4998234Z,AUB_PRC,AUB_TIG,BallCalled,Undefined,NoShift,,,,,,,,,262.31853,-120.66269,,,,
0ef579da-cb62-420c-a047-8da34862741d,143,8db5eda0-b32b-11ee-88c2-8909f674eceb,df128c00-8651-453a-b603-89138b91d510,2024-01-14,16:23:34.22,2024-01-14,22:23:34.22,2024-01-14T16:23:34.2234970-06:00,2024-01-14T22:23:34.2234970Z,AUB_PRC,AUB_TIG,StrikeCalled,Undefined,NoShift,,,,,,,,,262.1132,-120.55,,,,
0ef579da-cb62-420c-a047-8da34862741d,144,9822fee0-b32b-11ee-88c2-8909f674eceb,fe1defe3-2d18-4dd5-93ed-fb64537425ef,2024-01-14,16:23:51.66,2024-01-14,22:23:51.66,2024-01-14T16:23:51.6666202-06:00,2024-01-14T22:23:51.6666202Z,AUB_PRC,AUB_TIG,FoulBall,Undefined,NoShift,,,,,,,,,261.70916,-120.56097,,,,
0ef579da-cb62-420c-a047-8da34862741d,145,a8d17910-b32b-11ee-88c2-8909f674eceb,a4a6ea2e-bbb6-40fe-9d6c-329cb17431bb,2024-01-14,16:24:19.60,2024-01-14,22:24:19.60,2024-01-14T16:24:19.6093786-06:00,2024-01-14T22:24:19.6093786Z,AUB_PRC,AUB_TIG,BallCalled,Undefined,NoShift,,,,,,,,,272.5062,-111.20041,,,,
0ef579da-cb62-420c-a047-8da34862741d,146,b3e59fc0-b32b-11ee-88c2-8909f674eceb,a67a1471-cdb1-45f4-87f0-5145ccfff5a2,2024-01-14,16:24:38.26,2024-01-14,22:24:38.26,2024-01-14T16:24:38.2674266-06:00,2024-01-14T22:24:38.2674266Z,AUB_PRC,AUB_TIG,InPlay,Undefined,NoShift,,,,,,,,,271.97517,-110.22365,,,,
0ef579da-cb62-420c-a047-8da34862741d,147,c514bba0-b32b-11ee-88c2-8909f674eceb,e9e33433-7a9c-4324-91dc-8aa1b0dba94a,2024-01-14,16:25:07.09,2024-01-14,22:25:07.09,2024-01-14T16:25:07.0914394-06:00,2024-01-14T22:25:07.0914394Z,AUB_PRC,AUB_TIG,FoulBall,Undefined,NoShift,,,,,,,,,260.92784,-130.04237,,,,
0ef579da-cb62-420c-a047-8da34862741d,148,d67520b0-b32b-11ee-88c2-8909f674eceb,ba048de6-4f14-4b28-a5d0-f9af57300488,2024-01-14,16:25:36.25,2024-01-14,22:25:36.25,2024-01-14T16:25:36.2516826-06:00,2024-01-14T22:25:36.2516826Z,AUB_PRC,AUB_TIG,BallCalled,Undefined,NoShift,,,,,,,,,262.59465,-124.69151,,,,
0ef579da-cb62-420c-a047-8da34862741d,149,e2b32160-b32b-11ee-88c2-8909f674eceb,99789ebf-0e01-49f4-94c7-1a2740684f7c,2024-01-14,16:25:56.81,2024-01-14,22:25:56.81,2024-01-14T16:25:56.8147802-06:00,2024-01-14T22:25:56.8147802Z,AUB_PRC,AUB_TIG,BallCalled,Undefined,NoShift,,,,,,,,,262.75661,-124.79785,,,,
0ef579da-cb62-420c-a047-8da34862741d,150,f4db4340-b32b-11ee-88c2-8909f674eceb,2be64e5d-60dc-40d4-ab41-d7acbb42f62f,2024-01-14,16:26:27.23,2024-01-14,22:26:27.23,2024-01-14T16:26:27.2377178-06:00,2024-01-14T22:26:27.2377178Z,AUB_PRC,AUB_TIG,FoulBall,Undefined,NoShift,,,,,,,,,258.75254,-160.83693,,,,
0ef579da-cb62-420c-a047-8da34862741d,151,04b70420-b32c-11ee-88c2-8909f674eceb,9898800c-35ee-413b-b9df-62fba55d37e0,2024-01-14,16:26:53.79,2024-01-14,22:26:53.79,2024-01-14T16:26:53.7953114-06:00,2024-01-14T22:26:53.7953114Z,AUB_PRC,AUB_TIG,StrikeCalled,Undefined,NoShift,,,,,,,,,,,,,,
0ef579da-cb62-420c-a047-8da34862741d,152,113a9950-b32c-11ee-88c2-8909f674eceb,5382f39e-20af-4270-93a7-515f0826b153,2024-01-14,16:27:14.81,2024-01-14,22:27:14.81,2024-01-14T16:27:14.8118362-06:00,2024-01-14T22:27:14.8118362Z,AUB_PRC,AUB_TIG,BallCalled,Undefined,NoShift,,,,,,,,,,,,,,
0ef579da-cb62-420c-a047-8da34862741d,153,268a8810-b32c-11ee-88c2-8909f674eceb,a374db7e-2bf4-461b-8ddb-f626a60251f3,2024-01-14,16:27:50.59,2024-01-14,22:27:50.59,2024-01-14T16:27:50.5937242-06:00,2024-01-14T22:27:50.5937242Z,AUB_PRC,AUB_TIG,BallCalled,Undefined,NoShift,,,,,,,,,255.33552,-148.9658,,,,
0ef579da-cb62-420c-a047-8da34862741d,154,3f420bd0-b32c-11ee-88c2-8909f674eceb,039f650c-d621-4197-831c-d24663297c27,2024-01-14,16:28:32.06,2024-01-14,22:28:32.06,2024-01-14T16:28:32.0661338-06:00,2024-01-14T22:28:32.0661338Z,AUB_PRC,AUB_TIG,FoulBall,Undefined,NoShift,,,,,,,,,260.80397,-126.64452,,,,
0ef579da-cb62-420c-a047-8da34862741d,155,508a5500-b32c-11ee-88c2-8909f674eceb,07a87685-3c61-4128-9d8a-ab8bf6cfa8cf,2024-01-14,16:29:00.99,2024-01-14,22:29:00.99,2024-01-14T16:29:00.9930586-06:00,2024-01-14T22:29:00.9930586Z,AUB_PRC,AUB_TIG,StrikeCalled,Undefined,NoShift,,,,,,,,,259.1097,-157.35036,,,,
0ef579da-cb62-420c-a047-8da34862741d,156,5c63a070-b32c-11ee-88c2-8909f674eceb,9824d0b1-70c2-4765-a1fe-e72445dcb939,2024-01-14,16:29:20.91,2024-01-14,22:29:20.91,2024-01-14T16:29:20.9181018-06:00,2024-01-14T22:29:20.9181018Z,AUB_PRC,AUB_TIG,BallCalled,Undefined,NoShift,,,,,,,,,256.93596,-179.27875,,,,
0ef579da-cb62-420c-a047-8da34862741d,157,68394260-b32c-11ee-88c2-8909f674eceb,72930453-8637-4e8d-bffd-8571e5ad99ad,2024-01-14,16:29:40.82,2024-01-14,22:29:40.82,2024-01-14T16:29:40.8272218-06:00,2024-01-14T22:29:40.8272218Z,AUB_PRC,AUB_TIG,BallCalled,Undefined,NoShift,,,,,,,,,,,,,,
0ef579da-cb62-420c-a047-8da34862741d,158,7537ace0-b32c-11ee-88c2-8909f674eceb,2a25c696-3b7f-49f8-adeb-cf2040393046,2024-01-14,16:30:02.53,2024-01-14,22:30:02.53,2024-01-14T16:30:02.5374554-06:00,2024-01-14T22:30:02.5374554Z,AUB_PRC,AUB_TIG,StrikeSwinging,Undefined,NoShift,,,,,,,,,,,,,,
0ef579da-cb62-420c-a047-8da34862741d,159,8245ced0-b32c-11ee-88c2-8909f674eceb,5a98dd7e-0a83-41c0-a9c7-41e698a79002,2024-01-14,16:30:24.49,2024-01-14,22:30:24.49,2024-01-14T16:30:24.4914522-06:00,2024-01-14T22:30:24.4914522Z,AUB_PRC,AUB_TIG,FoulBall,Undefined,NoShift,,,,,,,,,260.32861,-162.79097,,,,
0ef579da-cb62-420c-a047-8da34862741d,160,924a2650-b32c-11ee-88c2-8909f674eceb,52956fe5-1fac-4189-9e13-7f445eedb3cc,2024-01-14,16:30:51.35,2024-01-14,22:30:51.35,2024-01-14T16:30:51.3510746-06:00,2024-01-14T22:30:51.3510746Z,AUB_PRC,AUB_TIG,StrikeCalled,Undefined,NoShift,,,,,,,,,257.49508,-157.29426,,,,
0ef579da-cb62-420c-a047-8da34862741d,161,e05e8d90-b32c-11ee-88c2-8909f674eceb,92c7139d-2a06-441c-b91c-ce458210068a,2024-01-14,16:33:02.31,2024-01-14,22:33:02.31,2024-01-14T16:33:02.3114074-06:00,2024-01-14T22:33:02.3114074Z,AUB_PRC,AUB_TIG,BallCalled,Undefined,NoShift,,,,,,,,,,,,,,
0ef579da-cb62-420c-a047-8da34862741d,162,e9c77540-b32c-11ee-88c2-8909f674eceb,e5d260ad-22d7-4d8a-8f76-bc61290e3d26,2024-01-14,16:33:18.11,2024-01-14,22:33:18.11,2024-01-14T16:33:18.1192026-06:00,2024-01-14T22:33:18.1192026Z,AUB_PRC,AUB_TIG,BallCalled,Undefined,NoShift,,,,,,,,,,,,,,
0ef579da-cb62-420c-a047-8da34862741d,163,f36cf0c0-b32c-11ee-88c2-8909f674eceb,c3789b42-c390-45b4-9a65-2b4902adf050,2024-01-14,16:33:34.24,2024-01-14,22:33:34.24,2024-01-14T16:33:34.2416730-06:00,2024-01-14T22:33:34.2416730Z,AUB_PRC,AUB_TIG,BallCalled,Undefined,NoShift,,,,,,,,,,,,,,
0ef579da-cb62-420c-a047-8da34862741d,164,fd687b80-b32c-11ee-88c2-8909f674eceb,b0e4295c-ed65-4bed-9f70-24fe4723bf9c,2024-01-14,16:33:51.06,2024-01-14,22:33:51.06,2024-01-14T16:33:51.0674266-06:00,2024-01-14T22:33:51.0674266Z,AUB_PRC,AUB_TIG,InPlay,Undefined,NoShift,,,,,,,,,,,,,,
0ef579da-cb62-420c-a047-8da34862741d,165,0f892350-b32d-11ee-88c2-8909f674eceb,0431dcfd-45f1-4ea5-bea4-a3db335ea29a,2024-01-14,16:34:21.45,2024-01-14,22:34:21.45,2024-01-14T16:34:21.4575450-06:00,2024-01-14T22:34:21.4575450Z,AUB_PRC,AUB_TIG,BallCalled,Undefined,NoShift,,,,,,,,,,,,,,
0ef579da-cb62-420c-a047-8da34862741d,166,1a107350-b32d-11ee-88c2-8909f674eceb,fc8b9740-8a8c-42cf-b289-2e882e90b06a,2024-01-14,16:34:39.08,2024-01-14,22:34:39.08,2024-01-14T16:34:39.0848346-06:00,2024-01-14T22:34:39.0848346Z,AUB_PRC,AUB_TIG,BallCalled,Undefined,NoShift,,,,,,,,,,,,,,
0ef579da-cb62-420c-a047-8da34862741d,167,2743d080-b32d-11ee-88c2-8909f674eceb,951d943d-6a17-40d6-8740-6bb4519bbfb1,2024-01-14,16:35:01.20,2024-01-14,22:35:01.20,2024-01-14T16:35:01.2092762-06:00,2024-01-14T22:35:01.2092762Z,AUB_PRC,AUB_TIG,BallCalled,Undefined,NoShift,,,,,,,,,,,,,,
0ef579da-cb62-420c-a047-8da34862741d,168,314e9d80-b32d-11ee-88c2-8909f674eceb,e2ceefbb-9647-4ca6-bd45-4cee534cd9d1,2024-01-14,16:35:18.12,2024-01-14,22:35:18.12,2024-01-14T16:35:18.1275482-06:00,2024-01-14T22:35:18.1275482Z,AUB_PRC,AUB_TIG,InPlay,Undefined,NoShift,,,,,,,,,259.24905,-171.91961,,,,
0ef579da-cb62-420c-a047-8da34862741d,169,4568a450-b32d-11ee-88c2-8909f674eceb,53ba8aaf-da53-46a4-a9a2-378173206916,2024-01-14,16:35:51.77,2024-01-14,22:35:51.77,2024-01-14T16:35:51.7797210-06:00,2024-01-14T22:35:51.7797210Z,AUB_PRC,AUB_TIG,BallCalled,Undefined,NoShift,,,,,,,,,,,,,,
0ef579da-cb62-420c-a047-8da34862741d,170,5006d7b0-b32d-11ee-88c2-8909f674eceb,60ae5400-bcb1-4f3a-8c0c-ef3dee43d481,2024-01-14,16:36:09.66,2024-01-14,22:36:09.66,2024-01-14T16:36:09.6655194-06:00,2024-01-14T22:36:09.6655194Z,AUB_PRC,AUB_TIG,BallCalled,Undefined,NoShift,,,,,,,,,,,,,,
0ef579da-cb62-420c-a047-8da34862741d,171,5ac2f350-b32d-11ee-88c2-8909f674eceb,396f3929-7551-499e-99c8-34392ebc80b1,2024-01-14,16:36:27.60,2024-01-14,22:36:27.60,2024-01-14T16:36:27.6031834-06:00,2024-01-14T22:36:27.6031834Z,AUB_PRC,AUB_TIG,FoulBall,Undefined,NoShift,,,,,,,,,,,,,,
0ef579da-cb62-420c-a047-8da34862741d,172,6872ac70-b32d-11ee-88c2-8909f674eceb,0732b1bc-cdc4-4d84-b3c9-6e986322c120,2024-01-14,16:36:50.58,2024-01-14,22:36:50.58,2024-01-14T16:36:50.5856346-06:00,2024-01-14T22:36:50.5856346Z,AUB_PRC,AUB_TIG,BallCalled,Undefined,NoShift,,,,,,,,,,,,,,
0ef579da-cb62-420c-a047-8da34862741d,173,741de300-b32d-11ee-88c2-8909f674eceb,688c0dc9-eb0f-4246-87c0-a9d1e9f944f5,2024-01-14,16:37:10.11,2024-01-14,22:37:10.11,2024-01-14T16:37:10.1164890-06:00,2024-01-14T22:37:10.1164890Z,AUB_PRC,AUB_TIG,StrikeCalled,Undefined,NoShift,,,,,,,,,,,,,,
0ef579da-cb62-420c-a047-8da34862741d,174,7df56b00-b32d-11ee-88c2-8909f674eceb,e399f786-5474-49c9-b673-52c185983c8a,2024-01-14,16:37:26.64,2024-01-14,22:37:26.64,2024-01-14T16:37:26.6488666-06:00,2024-01-14T22:37:26.6488666Z,AUB_PRC,AUB_TIG,BallCalled,Undefined,NoShift,,,,,,,,,,,,,,
0ef579da-cb62-420c-a047-8da34862741d,175,f05b4e80-b32d-11ee-88c2-8909f674eceb,115af7fe-49ca-4c79-a8c6-406945e439c8,2024-01-14,16:40:38.64,2024-01-14,22:40:38.64,2024-01-14T16:40:38.6490000-06:00,2024-01-14T22:40:38.6490000Z,AUB_PRC,AUB_TIG,FoulBall,Undefined,NoShift,,,,,,,,,,,,,,
0ef579da-cb62-420c-a047-8da34862741d,176,fc739ec0-b32d-11ee-88c2-8909f674eceb,c0b888a6-d40e-4130-b25e-97a6ec00ed19,2024-01-14,16:40:58.96,2024-01-14,22:40:58.96,2024-01-14T16:40:58.9600000-06:00,2024-01-14T22:40:58.9600000Z,AUB_PRC,AUB_TIG,StrikeCalled,Undefined,NoShift,,,,,,,,,,,,,,
0ef579da-cb62-420c-a047-8da34862741d,177,05d50c60-b32e-11ee-88c2-8909f674eceb,a65952de-876e-483b-873d-b61dabecf521,2024-01-14,16:41:14.69,2024-01-14,22:41:14.69,2024-01-14T16:41:14.6940000-06:00,2024-01-14T22:41:14.6940000Z,AUB_PRC,AUB_TIG,BallCalled,Undefined,NoShift,,,,,,,,,,,,,,
0ef579da-cb62-420c-a047-8da34862741d,178,0ed4f910-b32e-11ee-88c2-8909f674eceb,6ec8a114-7dd5-4e3b-ac04-9afbf1196f10,2024-01-14,16:41:29.76,2024-01-14,22:41:29.76,2024-01-14T16:41:29.7630000-06:00,2024-01-14T22:41:29.7630000Z,AUB_PRC,AUB_TIG,BallCalled,Undefined,NoShift,,,,,,,,,,,,,,
0ef579da-cb62-420c-a047-8da34862741d,179,191f1900-b32e-11ee-88c2-8909f674eceb,a8073a05-be35-47d3-b500-94010fae492b,2024-01-14,16:41:46.98,2024-01-14,22:41:46.98,2024-01-14T16:41:46.9820000-06:00,2024-01-14T22:41:46.9820000Z,AUB_PRC,AUB_TIG,BallCalled,Undefined,NoShift,,,,,,,,,,,,,,
0ef579da-cb62-420c-a047-8da34862741d,180,226dc1f0-b32e-11ee-88c2-8909f674eceb,3e15ef00-5541-4aa0-96f0-3d4ab3a747d1,2024-01-14,16:42:02.60,2024-01-14,22:42:02.60,2024-01-14T16:42:02.6060000-06:00,2024-01-14T22:42:02.6060000Z,AUB_PRC,AUB_TIG,StrikeCalled,Undefined,NoShift,,,,,,,,,,,,,,
0ef579da-cb62-420c-a047-8da34862741d,181,2f8f1dc0-b32e-11ee-88c2-8909f674eceb,18ffaf69-679d-4b16-9f38-c58ff793e710,2024-01-14,16:42:24.65,2024-01-14,22:42:24.65,2024-01-14T16:42:24.6560000-06:00,2024-01-14T22:42:24.6560000Z,AUB_PRC,AUB_TIG,BallCalled,Undefined,NoShift,,,,,,,,,,,289.74301,1.37455,,
0ef579da-cb62-420c-a047-8da34862741d,182,3f372470-b32e-11ee-88c2-8909f674eceb,484b4a8d-638c-4e24-9bef-022f9814bea8,2024-01-14,16:42:50.94,2024-01-14,22:42:50.94,2024-01-14T16:42:50.9470000-06:00,2024-01-14T22:42:50.9470000Z,AUB_PRC,AUB_TIG,InPlay,Undefined,NoShift,,,,,,,,,,,,,,
0ef579da-cb62-420c-a047-8da34862741d,183,4fc76840-b32e-11ee-88c2-8909f674eceb,dc54fc04-2cd3-42d5-9fb5-380b36c2197e,2024-01-14,16:43:18.66,2024-01-14,22:43:18.66,2024-01-14T16:43:18.6610000-06:00,2024-01-14T22:43:18.6610000Z,AUB_PRC,AUB_TIG,BallCalled,Undefined,NoShift,,,,,,,,,,,,,,
0ef579da-cb62-420c-a047-8da34862741d,184,5b0ab540-b32e-11ee-88c2-8909f674eceb,f1b448ef-6b2c-4092-ab2c-d7a096c31a15,2024-01-14,16:43:37.63,2024-01-14,22:43:37.63,2024-01-14T16:43:37.6330000-06:00,2024-01-14T22:43:37.6330000Z,AUB_PRC,AUB_TIG,StrikeCalled,Undefined,NoShift,,,,,,,,,,,,,,
0ef579da-cb62-420c-a047-8da34862741d,185,65e81480-b32e-11ee-88c2-8909f674eceb,95dac335-aa1b-43f9-a18f-48664b01295f,2024-01-14,16:43:55.79,2024-01-14,22:43:55.79,2024-01-14T16:43:55.7980000-06:00,2024-01-14T22:43:55.7980000Z,AUB_PRC,AUB_TIG,StrikeCalled,Undefined,NoShift,,,,,,,,,,,,,,
0ef579da-cb62-420c-a047-8da34862741d,186,71488670-b32e-11ee-88c2-8909f674eceb,986af50d-26d6-4732-a653-de24ebaa9cc0,2024-01-14,16:44:14.89,2024-01-14,22:44:14.89,2024-01-14T16:44:14.8940000-06:00,2024-01-14T22:44:14.8940000Z,AUB_PRC,AUB_TIG,FoulBall,Undefined,NoShift,,,,,,,,,,,,,,
0ef579da-cb62-420c-a047-8da34862741d,187,7f01b570-b32e-11ee-88c2-8909f674eceb,5e61521f-9370-433b-8e94-1cf35e905f74,2024-01-14,16:44:37.94,2024-01-14,22:44:37.94,2024-01-14T16:44:37.9490000-06:00,2024-01-14T22:44:37.9490000Z,AUB_PRC,AUB_TIG,BallCalled,Undefined,NoShift,,,,,,,,,,,,,,
0ef579da-cb62-420c-a047-8da34862741d,188,8bef7e20-b32e-11ee-88c2-8909f674eceb,ff68c8f2-c1a3-4a17-b6a6-1a188b0b2651,2024-01-14,16:44:59.59,2024-01-14,22:44:59.59,2024-01-14T16:44:59.5900000-06:00,2024-01-14T22:44:59.5900000Z,AUB_PRC,AUB_TIG,FoulBall,Undefined,NoShift,,,,,,,,,,,,,,
0ef579da-cb62-420c-a047-8da34862741d,189,9a824440-b32e-11ee-88c2-8909f674eceb,95f17d60-8940-47c2-9f14-3d9a5e26c330,2024-01-14,16:45:24.06,2024-01-14,22:45:24.06,2024-01-14T16:45:24.0620000-06:00,2024-01-14T22:45:24.0620000Z,AUB_PRC,AUB_TIG,FoulBall,Undefined,NoShift,,,,,,,,,,,,,,
0ef579da-cb62-420c-a047-8da34862741d,190,aa3d84d0-b32e-11ee-88c2-8909f674eceb,58449176-00db-4c69-b62a-c9a43b89e74e,2024-01-14,16:45:50.50,2024-01-14,22:45:50.50,2024-01-14T16:45:50.5030000-06:00,2024-01-14T22:45:50.5030000Z,AUB_PRC,AUB_TIG,StrikeSwinging,Undefined,NoShift,,,,,,,,,,,,,,
0ef579da-cb62-420c-a047-8da34862741d,191,b8f7d020-b32e-11ee-88c2-8909f674eceb,7f189e7a-43f5-437a-a933-2397f5c8d7ba,2024-01-14,16:46:15.20,2024-01-14,22:46:15.20,2024-01-14T16:46:15.2060000-06:00,2024-01-14T22:46:15.2060000Z,AUB_PRC,AUB_TIG,InPlay,Undefined,NoShift,,,,,,,,,,,,,,